               20221117-062336,00:00:02.0155603,Release
               20221117-062331,00:00:02.2242651,Release
               20221117-062325,00:00:03.2218193,Release
               20221117-062319,00:00:01.3114317,Release
               20221117-062314,00:00:01.2196505,Release
               20221117-062311,00:00:01.2661225,Release
               20221117-062306,00:00:01.3236705,Release
               20221117-062302,00:00:01.2419879,Release
               20221117-062258,00:00:01.6913861,Release
               20221117-062253,00:00:02.1921371,Release

